<?xml version="1.0" encoding="UTF-8"?>
<addon id="plugin.video.newscast" version="1.0.1" name="Local News Cast" provider-name="Jesus Box TV">
    <requires>
        <import addon="xbmc.python" version="2.25.0"/> 
        <import addon="script.module.simplecache" version="1.0.0"/>
        <import addon="script.module.feedparser" version="5.1.3"/>
    </requires>
    <extension point="xbmc.python.pluginsource" library="default.py">
        <provides>video</provides>
    </extension>
    <extension point="xbmc.addon.metadata">
        <summary lang="en_GB">Local News Nationwide</summary>
        <description lang="en_GB">Provides instant access to live or on-demand broadcasts from over 170 local stations in 113 U.S. markets. Thnx Lunatixz for the original news addon this was forked from</description>
        <platform>all</platform>
        <license>GNU GENERAL PUBLIC LICENSE. Version 3, June 2007</license>
        <source></source>
        <website></website>
        <forum></forum>
        <news>v1.0.4[CR]-Leia Compatibility, Added adaptive inputstream[CR]v1.0.3[CR]-Plugin improvments.[CR]v1.0.2[CR]-Updated cache parameters.[CR]v1.0.1[CR]-Updated cache parameters, Improved error detection.</news>
        <assets>
            <icon>resources/images/icon.png</icon>
            <fanart>resources/images/fanart.jpg</fanart>
            <screenshot>resources/images/screenshot01.png</screenshot>
            <screenshot>resources/images/screenshot02.png</screenshot>
            <screenshot>resources/images/screenshot03.png</screenshot>
        </assets>
    </extension>
</addon>